,Maker,Miles per Gallon,Cylinders,Displacement,HP,Weight,Acceleration,Model,Origin,L/100km,kW,Fuel Consumption Type
0,Mazda GLC,46.6,4.0,86.0,65.0,2110.0,17.9,80,Japan,5.0475059721030044,48.47049168,Economic
3,Volkswagen Pickup,44.0,4.0,97.0,52.0,2130.0,24.6,82,Europe,5.345767688636363,38.776393344,Economic
4,Volkswagen Dasher (diesel),43.4,4.0,90.0,48.0,2335.0,23.7,80,Europe,5.419672311059908,35.793593856,Economic
5,Volkswagen Rabbit Custom Diesel,43.1,4.0,90.0,48.0,1985.0,21.5,78,Europe,5.457396248259861,35.793593856,Economic
6,Volkswagen Rabbit,41.5,4.0,98.0,76.0,2144.0,14.7,80,Europe,5.667801886746988,56.673190272,Economic
7,Renault Lecar Deluxe,40.9,4.0,85.0,0.0,1835.0,17.3,80,Europe,5.750948124694377,0.0,Economic
8,Datsun 210,40.8,4.0,85.0,65.0,2110.0,19.2,80,Japan,5.765043585784314,48.47049168,Economic
9,Datsun B210 GX,39.4,4.0,85.0,70.0,2070.0,18.6,78,Japan,5.969892850253808,52.198991039999996,Economic
10,Toyota Starlet,39.1,4.0,79.0,58.0,1755.0,16.9,81,Japan,6.015697654731458,43.250592576,Expensive
11,Plymouth Champ,39.0,4.0,86.0,64.0,1875.0,16.4,81,US,6.03112252051282,47.724791808,Expensive
12,Toyota Corolla Tercel,38.1,4.0,89.0,60.0,1968.0,18.8,80,Japan,6.1735899816272966,44.74199232,Expensive
13,Datsun 310 GX,38.0,4.0,91.0,67.0,1995.0,16.2,82,Japan,6.189836271052632,49.961891424,Expensive
14,Honda Civic,38.0,4.0,91.0,67.0,1965.0,15.0,82,Japan,6.189836271052632,49.961891424,Expensive
15,Plymouth Horizon Miser,38.0,4.0,105.0,63.0,2125.0,14.7,82,US,6.189836271052632,46.979091935999996,Expensive
16,Oldsmobile Cutlass Ciera (diesel),38.0,6.0,262.0,85.0,3015.0,17.0,82,US,6.189836271052632,63.38448912,Expensive
17,Toyota Tercel,37.7,4.0,89.0,62.0,2050.0,17.3,81,Japan,6.239092262599469,46.233392064,Expensive
18,Fiat Strada Custom,37.3,4.0,91.0,69.0,2130.0,14.7,79,Europe,6.305999418230564,51.453291168,Expensive
19,Datsun 310,37.2,4.0,86.0,65.0,2019.0,16.4,80,Japan,6.322951029569892,48.47049168,Expensive
20,Datsun 210 MPG,37.0,4.0,85.0,65.0,1975.0,19.4,81,Japan,6.3571291432432435,48.47049168,Expensive
21,Datsun 510 Hatchback,37.0,4.0,119.0,92.0,2434.0,15.0,80,Japan,6.3571291432432435,68.604388224,Expensive
22,Mazda GLC Custom l,37.0,4.0,91.0,68.0,2025.0,18.2,82,Japan,6.3571291432432435,50.707591296,Expensive
23,Audi 5000s (diesel),36.4,5.0,121.0,67.0,2950.0,19.9,80,Europe,6.461916986263737,49.961891424,Expensive
24,Honda Civic CVCC,36.1,4.0,91.0,60.0,1800.0,16.4,78,Japan,6.515617127423822,44.74199232,Expensive
25,Ford Fiesta,36.1,4.0,98.0,66.0,1800.0,14.4,78,US,6.515617127423822,49.216191552,Expensive
26,Volkswagen Rabbit l,36.0,4.0,105.0,74.0,1980.0,15.3,82,Europe,6.533716063888889,55.181790528,Expensive
27,Renault 5 GTL,36.0,4.0,79.0,58.0,1825.0,18.6,77,Europe,6.533716063888889,43.250592576,Expensive
28,Dodge Charger 2.2,36.0,4.0,135.0,84.0,2370.0,13.0,82,US,6.533716063888889,62.638789248,Expensive
29,Honda Accord,36.0,4.0,107.0,75.0,2205.0,14.5,82,Japan,6.533716063888889,55.927490399999996,Expensive
30,Nissan Stanza XE,36.0,4.0,120.0,88.0,2160.0,14.5,82,Japan,6.533716063888889,65.62158873599999,Expensive
31,Mercury Lynx l,36.0,4.0,98.0,70.0,2125.0,17.3,82,US,6.533716063888889,52.198991039999996,Expensive
32,Dodge Colt Hatchback Custom,35.7,4.0,98.0,80.0,1915.0,14.4,79,US,6.588621240896358,59.65598976,Expensive
33,Honda Civic 1300,35.1,4.0,81.0,60.0,1760.0,16.1,81,Japan,6.701247245014245,44.74199232,Expensive
34,Triumph TR7 Coupe,35.0,4.0,122.0,88.0,2500.0,15.1,80,Europe,6.720393665714286,65.62158873599999,Expensive
35,Datsun 1200,35.0,4.0,72.0,69.0,1613.0,18.0,71,Japan,6.720393665714286,51.453291168,Expensive
36,Plymouth Horizon 4,34.7,4.0,105.0,63.0,2215.0,14.9,81,US,6.778495051873199,46.979091935999996,Expensive
37,Plymouth Horizon TC3,34.5,4.0,105.0,70.0,2150.0,14.9,79,US,6.8177906753623185,52.198991039999996,Expensive
38,Renault 18i,34.5,4.0,100.0,0.0,2320.0,15.8,81,Europe,6.8177906753623185,0.0,Expensive
39,Ford Escort 4W,34.4,4.0,98.0,65.0,2045.0,16.2,81,US,6.8376098343023255,48.47049168,Expensive
40,Audi 4000,34.3,4.0,97.0,78.0,2188.0,15.8,80,Europe,6.8575445568513125,58.164590016,Expensive
41,Plymouth Horizon,34.2,4.0,105.0,70.0,2200.0,13.2,79,US,6.877595856725145,52.198991039999996,Expensive
42,Mazda GLC Deluxe,34.1,4.0,86.0,65.0,1975.0,15.2,79,Japan,6.897764759530792,48.47049168,Expensive
43,Mazda GLC 4,34.1,4.0,91.0,68.0,1985.0,16.0,81,Japan,6.897764759530792,50.707591296,Expensive
44,Toyota Corolla,34.0,4.0,108.0,70.0,2245.0,16.9,82,Japan,6.9180523029411765,52.198991039999996,Expensive
45,Chevrolet Cavalier 2-door,34.0,4.0,112.0,88.0,2395.0,18.0,82,US,6.9180523029411765,65.62158873599999,Expensive
46,Subaru DL,33.8,4.0,97.0,67.0,2145.0,18.0,80,Japan,6.95898752366864,49.961891424,Expensive
47,Honda Prelude,33.7,4.0,107.0,75.0,2210.0,14.4,81,Japan,6.979637338278931,55.927490399999996,Expensive
48,Datsun F-10 Hatchback,33.5,4.0,85.0,70.0,1945.0,16.8,77,Japan,7.0213068149253735,52.198991039999996,Expensive
49,Dodge Colt m/m,33.5,4.0,98.0,83.0,2075.0,15.9,77,US,7.0213068149253735,61.893089376,Expensive
50,Pontiac Phoenix,33.5,4.0,151.0,90.0,2556.0,13.2,79,US,7.0213068149253735,67.11298848,Expensive
51,Honda Civic CVCC,33.0,4.0,91.0,53.0,1795.0,17.5,75,Japan,7.127690251515151,39.522093216,Expensive
52,Volkswagen Jetta,33.0,4.0,105.0,74.0,2190.0,14.2,81,Europe,7.127690251515151,55.181790528,Expensive
53,Honda Civic,33.0,4.0,91.0,53.0,1795.0,17.4,76,Japan,7.127690251515151,39.522093216,Expensive
54,Datsun 200SX,32.9,4.0,119.0,100.0,2615.0,14.8,81,Japan,7.149354963525836,74.5699872,Expensive
55,Mazda GLC Deluxe,32.8,4.0,78.0,52.0,1985.0,19.4,78,Japan,7.171151777439025,38.776393344,Expensive
56,Datsun 280-ZX,32.7,6.0,168.0,132.0,2910.0,11.4,80,Japan,7.193081905198776,98.432383104,Expensive
57,Honda Accord,32.4,4.0,107.0,72.0,2290.0,17.0,80,Japan,7.259684515432099,53.690390784,Expensive
58,Toyota Corolla,32.4,4.0,108.0,75.0,2350.0,16.8,81,Japan,7.259684515432099,55.927490399999996,Expensive
59,Subaru,32.3,4.0,97.0,67.0,2065.0,17.8,81,Japan,7.28216031888545,49.961891424,Expensive
60,Toyota Corolla,32.2,4.0,108.0,75.0,2265.0,15.2,80,Japan,7.304775723602484,55.927490399999996,Expensive
61,Chevrolet Chevette,32.1,4.0,98.0,70.0,2120.0,15.5,80,US,7.327532034267913,52.198991039999996,Expensive
62,Toyota Celica GT,32.0,4.0,144.0,96.0,2665.0,13.9,82,Japan,7.350430571875,71.587187712,Expensive
63,Dodge Rampage,32.0,4.0,135.0,84.0,2295.0,11.6,82,US,7.350430571875,62.638789248,Expensive
64,Honda Civic (auto),32.0,4.0,91.0,67.0,1965.0,15.7,82,Japan,7.350430571875,49.961891424,Expensive
65,Datsun 710,32.0,4.0,83.0,61.0,2003.0,19.0,74,Japan,7.350430571875,45.487692192,Expensive
66,Toyota Corolla 1200,32.0,4.0,71.0,65.0,1836.0,21.0,74,Japan,7.350430571875,48.47049168,Expensive
67,Datsun B-210,32.0,4.0,85.0,70.0,1990.0,17.0,76,Japan,7.350430571875,52.198991039999996,Expensive
68,Volkswagen Rabbit Custom,31.9,4.0,89.0,71.0,1925.0,14.0,79,Europe,7.373472673981191,52.944690912,Expensive
69,Datsun 210,31.8,4.0,85.0,65.0,2020.0,19.2,79,Japan,7.3966596949685535,48.47049168,Expensive
70,Mazda 626,31.6,4.0,120.0,74.0,2635.0,18.3,81,Japan,7.443473996835443,55.181790528,Expensive
71,Volkswagen Scirocco,31.5,4.0,89.0,71.0,1990.0,14.9,78,Europe,7.467104073015873,52.944690912,Expensive
72,Honda Accord CVCC,31.5,4.0,98.0,68.0,2045.0,18.5,77,Japan,7.467104073015873,50.707591296,Expensive
73,Mazda 626,31.3,4.0,120.0,75.0,2542.0,17.5,80,Japan,7.514817198083067,55.927490399999996,Expensive
74,Toyota Corolla,31.0,4.0,76.0,52.0,1649.0,16.5,74,Japan,7.587541235483871,38.776393344,Expensive
75,Fiat x1.9,31.0,4.0,79.0,67.0,2000.0,16.0,74,Europe,7.587541235483871,49.961891424,Expensive
76,Datsun B210,31.0,4.0,79.0,67.0,1950.0,19.0,74,Japan,7.587541235483871,49.961891424,Expensive
77,Chevy S-10,31.0,4.0,119.0,82.0,2720.0,19.4,82,US,7.587541235483871,61.147389503999996,Expensive
78,Toyota Corolla 1200,31.0,4.0,71.0,65.0,1773.0,19.0,71,Japan,7.587541235483871,48.47049168,Expensive
79,Pontiac J2000 SE Hatchback,31.0,4.0,112.0,85.0,2575.0,16.2,82,US,7.587541235483871,63.38448912,Expensive
80,Mazda GLC Custom,31.0,4.0,91.0,68.0,1970.0,17.6,82,Japan,7.587541235483871,50.707591296,Expensive
81,Dodge Omni,30.9,4.0,105.0,75.0,2230.0,14.5,78,US,7.612096385113269,55.927490399999996,Expensive
82,Volvo Diesel,30.7,6.0,145.0,76.0,3160.0,19.6,81,Europe,7.661686589576547,56.673190272,Expensive
83,Chevrolet Chevette,30.5,4.0,98.0,63.0,2051.0,17.0,77,US,7.711927157377049,46.979091935999996,Expensive
84,Volkswagen Dasher,30.5,4.0,97.0,78.0,2190.0,14.1,77,Europe,7.711927157377049,58.164590016,Expensive
85,Chevrolet Chevette,30.0,4.0,98.0,68.0,2155.0,16.5,78,US,7.8404592766666665,50.707591296,Expensive
86,Peugeot 304,30.0,4.0,79.0,70.0,2074.0,19.5,71,Europe,7.8404592766666665,52.198991039999996,Expensive
87,Fiat 124B,30.0,4.0,88.0,76.0,2065.0,14.5,71,Europe,7.8404592766666665,56.673190272,Expensive
88,Subaru DL,30.0,4.0,97.0,67.0,1985.0,16.4,77,Japan,7.8404592766666665,49.961891424,Expensive
89,Mercedes-Benz 240d,30.0,4.0,146.0,67.0,3250.0,21.8,80,Europe,7.8404592766666665,49.961891424,Expensive
90,Buick Opel Isuzu Deluxe,30.0,4.0,111.0,80.0,2155.0,14.8,77,US,7.8404592766666665,59.65598976,Expensive
91,Plymouth Reliant,30.0,4.0,135.0,84.0,2385.0,12.9,81,US,7.8404592766666665,62.638789248,Expensive
92,Ford Escort 2H,29.9,4.0,98.0,65.0,2380.0,20.7,81,US,7.8666815484949835,48.47049168,Expensive
93,Toyota Corolla Liftback,29.8,4.0,134.0,90.0,2711.0,15.5,80,Japan,7.893079808724832,67.11298848,Expensive
94,Volkswagen Rabbit,29.8,4.0,89.0,62.0,1845.0,15.3,80,Europe,7.893079808724832,46.233392064,Expensive
95,Volkswagen Rabbit,29.5,4.0,97.0,71.0,1825.0,12.2,76,Europe,7.973348416949152,52.944690912,Expensive
96,Honda Accord LX,29.5,4.0,98.0,68.0,2135.0,16.6,78,Japan,7.973348416949152,50.707591296,Expensive
97,Dodge Aries SE,29.0,4.0,135.0,84.0,2525.0,16.0,82,US,8.11081994137931,62.638789248,Expensive
98,Audi Fox,29.0,4.0,98.0,83.0,2219.0,16.5,74,Europe,8.11081994137931,61.893089376,Expensive
99,Volkswagen Rabbit,29.0,4.0,90.0,70.0,1937.0,14.2,76,Europe,8.11081994137931,52.198991039999996,Expensive
100,Chevrolet Chevette,29.0,4.0,85.0,52.0,2035.0,22.2,76,US,8.11081994137931,38.776393344,Expensive
101,Volkswagen Rabbit,29.0,4.0,90.0,70.0,1937.0,14.0,75,Europe,8.11081994137931,52.198991039999996,Expensive
102,Volkswagen Rabbit Custom,29.0,4.0,97.0,78.0,1940.0,14.5,77,Europe,8.11081994137931,58.164590016,Expensive
103,Fiat 128,29.0,4.0,68.0,49.0,1867.0,19.5,73,Europe,8.11081994137931,36.539293728,Expensive
104,Toyota Corolla,29.0,4.0,97.0,75.0,2171.0,16.0,75,Japan,8.11081994137931,55.927490399999996,Expensive
105,Chevrolet Citation,28.8,6.0,173.0,115.0,2595.0,11.3,79,US,8.167145079861111,85.75548528,Expensive
106,Buick Skylark Limited,28.4,4.0,151.0,90.0,2670.0,16.0,79,US,8.282175292253521,67.11298848,Expensive
107,Peugeot 505s Turbo Diesel,28.1,4.0,141.0,80.0,3230.0,20.4,81,Europe,8.37059709252669,59.65598976,Expensive
108,Ford Ranger,28.0,4.0,120.0,79.0,2625.0,18.6,82,US,8.400492082142858,58.910289888,Expensive
109,Fiat 131,28.0,4.0,107.0,86.0,2464.0,15.5,76,Europe,8.400492082142858,64.130188992,Expensive
110,Dodge Colt,28.0,4.0,90.0,75.0,2125.0,14.5,74,US,8.400492082142858,55.927490399999996,Expensive
111,Chevrolet Cavalier,28.0,4.0,112.0,88.0,2605.0,19.6,82,US,8.400492082142858,65.62158873599999,Expensive
112,Dodge Colt (sw),28.0,4.0,98.0,80.0,2164.0,15.0,72,US,8.400492082142858,59.65598976,Expensive
113,Datsun 510 (sw),28.0,4.0,97.0,92.0,2288.0,17.0,72,Japan,8.400492082142858,68.604388224,Expensive
114,Opel 1900,28.0,4.0,116.0,90.0,2123.0,14.0,71,Europe,8.400492082142858,67.11298848,Expensive
115,Chevrolet Citation,28.0,4.0,151.0,90.0,2678.0,16.5,80,US,8.400492082142858,67.11298848,Expensive
116,Chevrolet Vega 2300,28.0,4.0,140.0,90.0,2264.0,15.5,71,US,8.400492082142858,67.11298848,Expensive
117,Toyota Corolla,28.0,4.0,97.0,75.0,2155.0,16.4,76,Japan,8.400492082142858,55.927490399999996,Expensive
118,Dodge Colt,27.9,4.0,156.0,105.0,2800.0,14.4,80,US,8.430601372759858,78.29848656,Expensive
119,Toyota Corolla,27.5,4.0,134.0,95.0,2560.0,14.2,78,Japan,8.553228301818182,70.84148784,Expensive
120,AMC Spirit DL,27.4,4.0,121.0,80.0,2670.0,15.0,79,US,8.584444463503651,59.65598976,Expensive
121,Plymouth Reliant,27.2,4.0,135.0,84.0,2490.0,15.7,81,US,8.647565378676472,62.638789248,Expensive
122,Peugeot 504,27.2,4.0,141.0,71.0,3190.0,24.8,79,Europe,8.647565378676472,52.944690912,Expensive
123,Datsun 510,27.2,4.0,119.0,97.0,2300.0,14.7,78,Japan,8.647565378676472,72.332887584,Expensive
124,Chevrolet Camaro,27.0,4.0,151.0,90.0,2950.0,17.3,82,US,8.711621418518519,67.11298848,Expensive
125,Datsun PL510,27.0,4.0,97.0,88.0,2130.0,14.5,70,Japan,8.711621418518519,65.62158873599999,Expensive
126,Toyota Corolla 1600 (sw),27.0,4.0,97.0,88.0,2100.0,16.5,72,Japan,8.711621418518519,65.62158873599999,Expensive
127,Volkswagen Model 111,27.0,4.0,97.0,60.0,1834.0,19.0,71,Europe,8.711621418518519,44.74199232,Expensive
128,Pontiac Phoenix,27.0,4.0,151.0,90.0,2735.0,18.0,82,US,8.711621418518519,67.11298848,Expensive
129,Ford Mustang GL,27.0,4.0,140.0,86.0,2790.0,15.6,82,US,8.711621418518519,64.130188992,Expensive
130,Chevrolet Cavalier Wagon,27.0,4.0,112.0,88.0,2640.0,18.6,82,US,8.711621418518519,65.62158873599999,Expensive
131,Renault 12tl,27.0,4.0,101.0,83.0,2202.0,15.3,76,Europe,8.711621418518519,61.893089376,Expensive
132,Datsun PL510,27.0,4.0,97.0,88.0,2130.0,14.5,71,Japan,8.711621418518519,65.62158873599999,Expensive
133,Oldsmobile Omega Brougham,26.8,6.0,173.0,115.0,2700.0,12.9,79,US,8.776633518656716,85.75548528,Expensive
134,Oldsmobile Cutlass LS,26.6,8.0,350.0,105.0,3725.0,19.0,81,US,8.842623244360901,78.29848656,Expensive
135,Buick Skylark,26.6,4.0,151.0,84.0,2635.0,16.4,81,US,8.842623244360901,62.638789248,Expensive
136,Ford Pinto,26.5,4.0,140.0,72.0,2565.0,13.6,76,US,8.875991633962265,53.690390784,Expensive
137,Ford Fairmont,26.4,4.0,140.0,88.0,2870.0,18.1,80,US,8.90961281439394,65.62158873599999,Expensive
138,Subaru,26.0,4.0,108.0,93.0,2391.0,15.5,74,Japan,9.04668378076923,69.350088096,Expensive
139,Chrysler Lebaron Medallion,26.0,4.0,156.0,92.0,2585.0,14.5,82,US,9.04668378076923,68.604388224,Expensive
140,Opel Manta,26.0,4.0,97.0,78.0,2300.0,14.5,74,Europe,9.04668378076923,58.164590016,Expensive
141,Volkswagen Dasher,26.0,4.0,79.0,67.0,1963.0,15.5,74,Europe,9.04668378076923,49.961891424,Expensive
142,Renault 12 (sw),26.0,4.0,96.0,69.0,2189.0,18.0,72,Europe,9.04668378076923,51.453291168,Expensive
143,Fiat 124 TC,26.0,4.0,116.0,75.0,2246.0,14.0,74,Europe,9.04668378076923,55.927490399999996,Expensive
144,Dodge Colt,26.0,4.0,98.0,79.0,2255.0,17.7,76,US,9.04668378076923,58.910289888,Expensive
145,Ford Pinto,26.0,4.0,122.0,80.0,2451.0,16.5,74,US,9.04668378076923,59.65598976,Expensive
146,BMW 2002,26.0,4.0,121.0,113.0,2234.0,12.5,70,Europe,9.04668378076923,84.264085536,Expensive
147,Volkswagen 1131 Deluxe Sedan,26.0,4.0,97.0,46.0,1835.0,20.5,70,Europe,9.04668378076923,34.302194112,Expensive
148,Volkswagen Super Beetle,26.0,4.0,97.0,46.0,1950.0,21.0,73,Europe,9.04668378076923,34.302194112,Expensive
149,Toyota Corolla Liftback,26.0,4.0,97.0,75.0,2265.0,18.2,77,Japan,9.04668378076923,55.927490399999996,Expensive
150,Plymouth Cricket,26.0,4.0,91.0,70.0,1955.0,20.5,71,US,9.04668378076923,52.198991039999996,Expensive
151,Fiat 124 Sport Coupe,26.0,4.0,98.0,90.0,2265.0,15.5,73,Europe,9.04668378076923,67.11298848,Expensive
152,Dodge Aries Wagon (sw),25.8,4.0,156.0,92.0,2620.0,14.4,81,US,9.1168131124031,68.604388224,Expensive
153,Ford Mustang II 2+2,25.5,4.0,140.0,89.0,2755.0,15.8,77,US,9.224069737254903,66.367288608,Expensive
154,Plymouth Arrow GS,25.5,4.0,122.0,96.0,2300.0,15.5,77,US,9.224069737254903,71.587187712,Expensive
155,Toyota Cressida,25.4,6.0,168.0,116.0,2900.0,12.6,81,Japan,9.260384972440946,86.501185152,Expensive
156,Mercedes Benz 300d,25.4,5.0,183.0,77.0,3530.0,20.1,79,Europe,9.260384972440946,57.418890144,Expensive
157,Ford Fairmont (man),25.1,4.0,140.0,88.0,2720.0,15.4,78,US,9.371066864541833,65.62158873599999,Expensive
158,Ford Pinto,25.0,4.0,98.0,0.0,2046.0,19.0,71,US,9.408551132,0.0,Expensive
159,Saab 99LE,25.0,4.0,121.0,115.0,2671.0,13.5,75,Europe,9.408551132,85.75548528,Expensive
160,Opel 1900,25.0,4.0,116.0,81.0,2220.0,16.9,76,Europe,9.408551132,60.401689632,Expensive
161,Capri ii,25.0,4.0,140.0,92.0,2572.0,14.9,76,US,9.408551132,68.604388224,Expensive
162,Dodge Colt Hardtop,25.0,4.0,97.5,80.0,2126.0,17.0,72,US,9.408551132,59.65598976,Expensive
163,Toyota Corolla,25.0,4.0,113.0,95.0,2228.0,14.0,71,Japan,9.408551132,70.84148784,Expensive
164,Saab 99e,25.0,4.0,104.0,95.0,2375.0,17.5,70,Europe,9.408551132,70.84148784,Expensive
165,Buick Century Limited,25.0,6.0,181.0,110.0,2945.0,16.4,82,US,9.408551132,82.02698592,Expensive
166,Peugeot 504,25.0,4.0,110.0,87.0,2672.0,17.5,70,Europe,9.408551132,64.875888864,Expensive
167,Chevrolet Vega,25.0,4.0,140.0,75.0,2542.0,17.0,74,US,9.408551132,55.927490399999996,Expensive
168,Volkswagen Dasher,25.0,4.0,90.0,71.0,2223.0,16.5,75,Europe,9.408551132,52.944690912,Expensive
169,Pontiac Sunbird Coupe,24.5,4.0,151.0,88.0,2740.0,16.0,77,US,9.600562379591837,65.62158873599999,Expensive
170,Chevrolet Woody,24.5,4.0,98.0,60.0,2164.0,22.1,76,US,9.600562379591837,44.74199232,Expensive
171,AMC Concord,24.3,4.0,151.0,90.0,3003.0,20.1,80,US,9.679579353909466,67.11298848,Expensive
172,Datsun 810 Maxima,24.2,6.0,146.0,120.0,2930.0,13.8,81,Japan,9.71957761570248,89.48398464,Expensive
173,Toyota Corolla Hardtop,24.0,4.0,113.0,95.0,2278.0,15.5,72,Japan,9.800574095833333,70.84148784,Expensive
174,Datsun 710,24.0,4.0,119.0,97.0,2545.0,17.0,75,Japan,9.800574095833333,72.332887584,Expensive
175,Ford Maverick,24.0,6.0,200.0,81.0,3012.0,17.6,76,US,9.800574095833333,60.401689632,Expensive
176,Opel Manta,24.0,4.0,116.0,75.0,2158.0,15.5,73,Europe,9.800574095833333,55.927490399999996,Expensive
177,Audi 100 LS,24.0,4.0,107.0,90.0,2430.0,14.5,70,Europe,9.800574095833333,67.11298848,Expensive
178,Honda Civic,24.0,4.0,120.0,97.0,2489.0,15.0,74,Japan,9.800574095833333,72.332887584,Expensive
179,Fiat 128,24.0,4.0,90.0,75.0,2108.0,15.5,74,Europe,9.800574095833333,55.927490399999996,Expensive
180,Ford Fairmont Futura,24.0,4.0,140.0,92.0,2865.0,16.4,82,US,9.800574095833333,68.604388224,Expensive
181,Toyota Corolla,24.0,4.0,134.0,96.0,2702.0,13.5,75,Japan,9.800574095833333,71.587187712,Expensive
182,Saab 99le,24.0,4.0,121.0,110.0,2660.0,14.0,73,Europe,9.800574095833333,82.02698592,Expensive
183,Toyota Corolla Mark ii,24.0,4.0,113.0,95.0,2372.0,15.0,70,Japan,9.800574095833333,70.84148784,Expensive
184,Datsun 200-SX,23.9,4.0,119.0,97.0,2405.0,14.9,78,Japan,9.841580682008368,72.332887584,Expensive
185,Oldsmobile Cutlass Salon Brougham,23.9,8.0,260.0,90.0,3420.0,22.2,79,US,9.841580682008368,67.11298848,Expensive
186,Oldsmobile Starfire SX,23.8,4.0,151.0,85.0,2855.0,17.6,78,US,9.882931861344538,63.38448912,Expensive
187,Mazda RX-7 GS,23.7,3.0,70.0,100.0,2420.0,12.5,80,Japan,9.92463199578059,74.5699872,Expensive
188,Ford Mustang Cobra,23.6,4.0,140.0,0.0,2905.0,14.3,80,US,9.96668552118644,0.0,Expensive
189,Chevrolet Citation,23.5,6.0,173.0,110.0,2725.0,12.6,81,US,10.00909694893617,82.02698592,Expensive
190,Plymouth Sapporo,23.2,4.0,156.0,105.0,2745.0,16.7,78,US,10.138524926724138,78.29848656,Expensive
191,Toyota Corolla Mark II (sw),23.0,4.0,120.0,97.0,2506.0,14.5,72,Japan,10.226686013043478,72.332887584,Expensive
192,Volkswagen Type 3,23.0,4.0,97.0,54.0,2254.0,23.5,72,Europe,10.226686013043478,40.267793088,Expensive
193,Cadillac Eldorado,23.0,8.0,350.0,125.0,3900.0,17.4,79,US,10.226686013043478,93.212484,Expensive
194,Plymouth Duster,23.0,6.0,198.0,95.0,2904.0,16.0,73,US,10.226686013043478,70.84148784,Expensive
195,Ford Pinto,23.0,4.0,140.0,83.0,2639.0,17.0,75,US,10.226686013043478,61.893089376,Expensive
196,Pontiac Astro,23.0,4.0,140.0,78.0,2592.0,18.5,75,US,10.226686013043478,58.164590016,Expensive
197,AMC Concord DL,23.0,4.0,151.0,0.0,3035.0,20.5,82,US,10.226686013043478,0.0,Expensive
198,Peugeot 504,23.0,4.0,120.0,88.0,2957.0,17.0,75,Europe,10.226686013043478,65.62158873599999,Expensive
199,Audi 100LS,23.0,4.0,115.0,95.0,2694.0,15.0,75,Europe,10.226686013043478,70.84148784,Expensive
200,Mercury Capri 2000,23.0,4.0,122.0,86.0,2220.0,14.0,71,US,10.226686013043478,64.130188992,Expensive
201,AMC Hornet,22.5,6.0,232.0,90.0,3085.0,17.6,76,US,10.453945702222223,67.11298848,Expensive
202,Buick Century,22.4,6.0,231.0,110.0,3415.0,15.8,81,US,10.500615102678573,82.02698592,Expensive
203,Ford Fairmont 4,22.3,4.0,140.0,88.0,2890.0,17.3,79,US,10.547703062780268,65.62158873599999,Expensive
204,Datsun 810,22.0,6.0,146.0,97.0,2815.0,14.5,77,Japan,10.691535377272727,72.332887584,Expensive
205,Ford Grenada l,22.0,6.0,232.0,112.0,2835.0,14.7,82,US,10.691535377272727,83.518385664,Expensive
206,Plymouth Duster,22.0,6.0,198.0,95.0,2833.0,15.5,70,US,10.691535377272727,70.84148784,Expensive
207,Ford Pinto (sw),22.0,4.0,122.0,86.0,2395.0,16.0,72,US,10.691535377272727,64.130188992,Expensive
208,Volkswagen 411 (sw),22.0,4.0,121.0,76.0,2511.0,18.0,72,Europe,10.691535377272727,56.673190272,Expensive
209,Volvo 244DL,22.0,4.0,121.0,98.0,2945.0,14.5,75,Europe,10.691535377272727,73.078587456,Expensive
210,Datsun 610,22.0,4.0,108.0,94.0,2379.0,16.5,73,Japan,10.691535377272727,70.095787968,Expensive
211,Chevrolet Nova,22.0,6.0,250.0,105.0,3353.0,14.5,76,US,10.691535377272727,78.29848656,Expensive
212,Plymouth Valiant,22.0,6.0,225.0,100.0,3233.0,15.4,76,US,10.691535377272727,74.5699872,Expensive
213,Chevrolet Vega (sw),22.0,4.0,140.0,72.0,2408.0,19.0,71,US,10.691535377272727,53.690390784,Expensive
214,Saab 99gle,21.6,4.0,121.0,115.0,2795.0,15.7,78,Europe,10.889526773148148,85.75548528,Expensive
215,Pontiac Lemans V6,21.5,6.0,231.0,115.0,3245.0,15.4,79,US,10.940175734883722,85.75548528,Expensive
216,Mazda RX-4,21.5,3.0,80.0,110.0,2720.0,13.5,77,Japan,10.940175734883722,82.02698592,Expensive
217,BMW 320i,21.5,4.0,121.0,110.0,2600.0,12.8,77,Europe,10.940175734883722,82.02698592,Expensive
218,Toyota Celica GT Liftback,21.1,4.0,134.0,95.0,2515.0,14.8,78,Japan,11.14757243127962,70.84148784,Expensive
219,Buick Skyhawk,21.0,6.0,231.0,110.0,3039.0,15.0,75,US,11.200656109523809,82.02698592,Expensive
220,Ford Maverick,21.0,6.0,200.0,85.0,2587.0,16.0,70,US,11.200656109523809,63.38448912,Expensive
221,Ford Maverick,21.0,6.0,200.0,0.0,2875.0,17.0,74,US,11.200656109523809,0.0,Expensive
222,AMC Gremlin,21.0,6.0,199.0,90.0,2648.0,15.0,70,US,11.200656109523809,67.11298848,Expensive
223,Peugeot 504 (sw),21.0,4.0,120.0,87.0,2979.0,19.5,72,Europe,11.200656109523809,64.875888864,Expensive
224,Mercury Capri v6,21.0,6.0,155.0,107.0,2472.0,14.0,73,US,11.200656109523809,79.78988630399999,Expensive
225,Ford Pinto Runabout,21.0,4.0,122.0,86.0,2226.0,16.5,72,US,11.200656109523809,64.130188992,Expensive
226,Chevrolet Vega,21.0,4.0,140.0,72.0,2401.0,19.5,73,US,11.200656109523809,53.690390784,Expensive
227,Mercury Zephyr,20.8,6.0,200.0,85.0,3070.0,16.7,78,US,11.308354725961538,63.38448912,Expensive
228,Buick Century Special,20.6,6.0,231.0,105.0,3380.0,15.8,78,US,11.418144577669903,78.29848656,Expensive
229,Dodge Aspen 6,20.6,6.0,225.0,110.0,3360.0,16.6,79,US,11.418144577669903,82.02698592,Expensive
230,Chevrolet Malibu,20.5,6.0,200.0,95.0,3155.0,18.2,78,US,11.473842843902439,70.84148784,Expensive
231,Plymouth Volare,20.5,6.0,225.0,100.0,3430.0,17.2,78,US,11.473842843902439,74.5699872,Expensive
232,Buick Skylark,20.5,6.0,231.0,105.0,3425.0,16.9,77,US,11.473842843902439,78.29848656,Expensive
233,Audi 5000,20.3,5.0,131.0,103.0,2830.0,15.9,78,Europe,11.586885630541872,76.807086816,Expensive
234,Ford Grenada gl,20.2,6.0,200.0,88.0,3060.0,17.1,81,US,11.64424645049505,65.62158873599999,Expensive
235,Ford Fairmont (auto),20.2,6.0,200.0,85.0,2965.0,15.8,78,US,11.64424645049505,63.38448912,Expensive
236,Mercury Monarch ghia,20.2,8.0,302.0,139.0,3570.0,12.8,78,US,11.64424645049505,103.652282208,Expensive
237,AMC Concord DL 6,20.2,6.0,232.0,90.0,3265.0,18.2,79,US,11.64424645049505,67.11298848,Expensive
238,Chevrolet Vega,20.0,4.0,140.0,90.0,2408.0,19.5,72,US,11.760688915,67.11298848,Expensive
239,Dodge Aspen SE,20.0,6.0,225.0,100.0,3651.0,17.7,76,US,11.760688915,74.5699872,Expensive
240,Toyota Camry,20.0,4.0,97.0,88.0,2279.0,19.0,73,Japan,11.760688915,65.62158873599999,Expensive
241,Audi 100LS,20.0,4.0,114.0,91.0,2582.0,14.0,73,Europe,11.760688915,67.858688352,Expensive
242,Volvo 245,20.0,4.0,130.0,102.0,3150.0,15.7,76,Europe,11.760688915,76.06138694399999,Expensive
243,Plymouth Duster,20.0,6.0,198.0,95.0,3102.0,16.5,74,US,11.760688915,70.84148784,Expensive
244,Chevrolet Monza 2+2,20.0,8.0,262.0,110.0,3221.0,13.5,75,US,11.760688915,82.02698592,Expensive
245,Toyota Mark II,20.0,6.0,156.0,122.0,2807.0,13.5,73,Japan,11.760688915,90.975384384,Expensive
246,AMC Gremlin,20.0,6.0,232.0,100.0,2914.0,16.0,75,US,11.760688915,74.5699872,Expensive
247,Oldsmobile Cutlass Salon Brougham,19.9,8.0,260.0,110.0,3365.0,15.5,78,US,11.819787854271357,82.02698592,Expensive
248,Mercury Zephyr 6,19.8,6.0,200.0,85.0,2990.0,18.2,79,US,11.879483752525251,63.38448912,Expensive
249,Dodge Diplomat,19.4,8.0,318.0,140.0,3735.0,13.2,78,US,12.124421561855671,104.39798207999999,Expensive
250,AMC Concord,19.4,6.0,232.0,90.0,3210.0,17.2,78,US,12.124421561855671,67.11298848,Expensive
251,Chevrolet Monte Carlo Landau,19.2,8.0,305.0,145.0,3425.0,13.2,78,US,12.250717619791667,108.12648143999999,Expensive
252,Chevrolet Malibu Classic (sw),19.2,8.0,267.0,125.0,3605.0,15.0,79,US,12.250717619791667,93.212484,Expensive
253,Pontiac Phoenix LJ,19.2,6.0,231.0,105.0,3535.0,19.2,78,US,12.250717619791667,78.29848656,Expensive
254,Dodge Aspen,19.1,6.0,225.0,90.0,3381.0,18.7,80,US,12.3148575026178,67.11298848,Expensive
255,AMC Gremlin,19.0,6.0,232.0,100.0,2634.0,13.0,71,US,12.379672542105263,74.5699872,Expensive
256,Ford Torino 500,19.0,6.0,250.0,88.0,3302.0,15.5,71,US,12.379672542105263,65.62158873599999,Expensive
257,Toyota Mark II,19.0,6.0,156.0,108.0,2930.0,15.5,76,Japan,12.379672542105263,80.535586176,Expensive
258,Plymouth Valiant Custom,19.0,6.0,225.0,95.0,3264.0,16.0,75,US,12.379672542105263,70.84148784,Expensive
259,Mazda RX2 Coupe,19.0,3.0,70.0,97.0,2330.0,13.5,72,Japan,12.379672542105263,72.332887584,Expensive
260,Plymouth Volare Custom,19.0,6.0,225.0,100.0,3630.0,17.7,77,US,12.379672542105263,74.5699872,Expensive
261,Pontiac Firebird,19.0,6.0,250.0,100.0,3282.0,15.0,71,US,12.379672542105263,74.5699872,Expensive
262,Ford Pinto,19.0,4.0,122.0,85.0,2310.0,18.5,73,US,12.379672542105263,63.38448912,Expensive
263,AMC Pacer,19.0,6.0,232.0,90.0,3211.0,17.0,75,US,12.379672542105263,67.11298848,Expensive
264,Peugeot 504,19.0,4.0,120.0,88.0,3270.0,21.9,76,Europe,12.379672542105263,65.62158873599999,Expensive
265,AMC Hornet,19.0,6.0,232.0,100.0,2901.0,16.0,74,US,12.379672542105263,74.5699872,Expensive
266,Volvo 144ea,19.0,4.0,121.0,112.0,2868.0,15.5,73,Europe,12.379672542105263,83.518385664,Expensive
267,Dodge Aspen,18.6,6.0,225.0,110.0,3620.0,18.7,78,US,12.645902059139784,82.02698592,Expensive
268,Ford Grenada,18.5,6.0,250.0,98.0,3525.0,19.0,77,US,12.714258286486487,73.078587456,Expensive
269,Chrysler Lebaron Town @ Country (sw),18.5,8.0,360.0,150.0,3940.0,13.0,79,US,12.714258286486487,111.85498079999999,Expensive
270,Pontiac Ventura SJ,18.5,6.0,250.0,110.0,3645.0,16.2,76,US,12.714258286486487,82.02698592,Expensive
271,Dodge St. Regis,18.2,8.0,318.0,135.0,3830.0,15.2,79,US,12.923833972527474,100.66948272,Expensive
272,Ford Futura,18.1,8.0,302.0,139.0,3205.0,11.2,78,US,12.995236370165745,103.652282208,Expensive
273,AMC Concord d/l,18.1,6.0,258.0,120.0,3410.0,15.1,78,US,12.995236370165745,89.48398464,Expensive
274,Ford Mustang,18.0,6.0,250.0,88.0,3139.0,14.5,71,US,13.067432127777778,65.62158873599999,Expensive
275,Chevrolet Nova,18.0,6.0,250.0,105.0,3459.0,16.0,75,US,13.067432127777778,78.29848656,Expensive
276,AMC Hornet Sportabout (sw),18.0,6.0,258.0,110.0,2962.0,13.5,71,US,13.067432127777778,82.02698592,Expensive
277,AMC Matador,18.0,6.0,232.0,100.0,3288.0,15.5,71,US,13.067432127777778,74.5699872,Expensive
278,Volvo 145e (sw),18.0,4.0,121.0,112.0,2933.0,14.5,72,Europe,13.067432127777778,83.518385664,Expensive
279,Ford Grenada ghia,18.0,6.0,250.0,78.0,3574.0,21.0,76,US,13.067432127777778,58.164590016,Expensive
280,Ford Pinto,18.0,6.0,171.0,97.0,2984.0,14.5,75,US,13.067432127777778,72.332887584,Expensive
281,Plymouth Valiant,18.0,6.0,225.0,105.0,3121.0,16.5,73,US,13.067432127777778,78.29848656,Expensive
282,AMC Hornet,18.0,6.0,232.0,100.0,2945.0,16.0,73,US,13.067432127777778,74.5699872,Expensive
283,Ford Maverick,18.0,6.0,250.0,88.0,3021.0,16.5,73,US,13.067432127777778,65.62158873599999,Expensive
284,AMC Hornet,18.0,6.0,199.0,97.0,2774.0,15.5,70,US,13.067432127777778,72.332887584,Expensive
285,Plymouth Fury,18.0,6.0,225.0,95.0,3785.0,19.0,75,US,13.067432127777778,70.84148784,Expensive
286,Plymouth Satellite,18.0,8.0,318.0,150.0,3436.0,11.0,70,US,13.067432127777778,111.85498079999999,Expensive
287,Chevrolet Chevelle Malibu,18.0,8.0,307.0,130.0,3504.0,12.0,70,US,13.067432127777778,96.94098336,Expensive
288,Mazda RX3,18.0,3.0,70.0,90.0,2124.0,13.5,73,Japan,13.067432127777778,67.11298848,Expensive
289,AMC Gremlin,18.0,6.0,232.0,100.0,2789.0,15.0,73,US,13.067432127777778,74.5699872,Expensive
290,Plymouth Satellite Sebring,18.0,6.0,225.0,105.0,3613.0,16.5,74,US,13.067432127777778,78.29848656,Expensive
291,Buick Regal Sport Coupe (turbo),17.7,6.0,231.0,165.0,3445.0,13.4,78,US,13.288914028248588,123.04047888,Expensive
292,Chrysler Lebaron Salon,17.6,6.0,225.0,85.0,3465.0,16.6,81,US,13.364419221590907,63.38448912,Expensive
293,Ford LTD Landau,17.6,8.0,302.0,129.0,3725.0,13.4,79,US,13.364419221590907,96.195283488,Expensive
294,Chevrolet Concours,17.5,6.0,250.0,110.0,3520.0,16.4,77,US,13.440787331428572,82.02698592,Expensive
295,Chevrolet Chevelle Malibu Classic,17.5,8.0,305.0,140.0,4215.0,13.0,76,US,13.440787331428572,104.39798207999999,Expensive
296,Dodge Magnum XE,17.5,8.0,318.0,140.0,4080.0,13.7,78,US,13.440787331428572,104.39798207999999,Expensive
297,Chevrolet Caprice Classic,17.5,8.0,305.0,145.0,3880.0,12.5,77,US,13.440787331428572,108.12648143999999,Expensive
298,AMC Pacer d/l,17.5,6.0,258.0,95.0,3193.0,17.8,76,US,13.440787331428572,70.84148784,Expensive
299,Buick Century,17.0,6.0,231.0,110.0,3907.0,21.0,75,US,13.836104605882353,82.02698592,Expensive
300,Chevrolet Chevelle Malibu,17.0,6.0,250.0,100.0,3329.0,15.5,71,US,13.836104605882353,74.5699872,Expensive
301,Oldsmobile Cutlass Supreme,17.0,8.0,260.0,110.0,4060.0,19.0,77,US,13.836104605882353,82.02698592,Expensive
302,Ford Torino,17.0,8.0,302.0,140.0,3449.0,10.5,70,US,13.836104605882353,104.39798207999999,Expensive
303,Chevrolet Caprice Classic,17.0,8.0,305.0,130.0,3840.0,15.4,79,US,13.836104605882353,96.94098336,Expensive
304,AMC Ambassador SST,17.0,8.0,304.0,150.0,3672.0,11.5,72,US,13.836104605882353,111.85498079999999,Expensive
305,Volvo 264gl,17.0,6.0,163.0,125.0,3140.0,13.6,78,Europe,13.836104605882353,93.212484,Expensive
306,Buick Estate Wagon (sw),16.9,8.0,350.0,155.0,4360.0,14.9,79,US,13.91797504733728,115.58348016,Expensive
307,Cadillac Seville,16.5,8.0,350.0,180.0,4380.0,12.1,76,US,14.255380503030302,134.22597696,Expensive
308,Mercedes-Benz 280s,16.5,6.0,168.0,120.0,3820.0,16.7,76,Europe,14.255380503030302,89.48398464,Expensive
309,Mercury Grand Marquis,16.5,8.0,351.0,138.0,3955.0,13.2,79,US,14.255380503030302,102.906582336,Expensive
310,Peugeot 604sl,16.2,6.0,163.0,133.0,3410.0,15.8,78,Europe,14.519369030864198,99.178082976,Expensive
311,Ford Gran Torino,16.0,8.0,302.0,140.0,4141.0,14.0,74,US,14.70086114375,104.39798207999999,Expensive
312,Chevrolet Chevelle Malibu Classic,16.0,6.0,250.0,100.0,3781.0,17.0,74,US,14.70086114375,74.5699872,Expensive
313,Chevrolet Nova Custom,16.0,6.0,250.0,100.0,3278.0,18.0,73,US,14.70086114375,74.5699872,Expensive
314,Pontiac Grand Prix LJ,16.0,8.0,400.0,180.0,4220.0,11.1,77,US,14.70086114375,134.22597696,Expensive
315,Dodge Coronet Brougham,16.0,8.0,318.0,150.0,4190.0,13.0,76,US,14.70086114375,111.85498079999999,Expensive
316,AMC Matador,16.0,6.0,258.0,110.0,3632.0,18.0,74,US,14.70086114375,82.02698592,Expensive
317,Plymouth Satellite Custom,16.0,6.0,225.0,105.0,3439.0,15.5,71,US,14.70086114375,78.29848656,Expensive
318,Pontiac Catalina,16.0,8.0,400.0,170.0,4668.0,11.5,75,US,14.70086114375,126.76897824,Expensive
319,Plymouth Grand Fury,16.0,8.0,318.0,150.0,4498.0,14.5,75,US,14.70086114375,111.85498079999999,Expensive
320,Pontiac Grand Prix,16.0,8.0,400.0,230.0,4278.0,9.5,73,US,14.70086114375,171.51097056,Expensive
321,Chevrolete Chevelle Malibu,16.0,6.0,250.0,105.0,3897.0,18.5,75,US,14.70086114375,78.29848656,Expensive
322,Ford Thunderbird,16.0,8.0,351.0,149.0,4335.0,14.5,77,US,14.70086114375,111.109280928,Expensive
323,AMC Rebel SST,16.0,8.0,304.0,150.0,3433.0,12.0,70,US,14.70086114375,111.85498079999999,Expensive
324,AMC Matador,15.5,8.0,304.0,120.0,3962.0,13.9,76,US,15.175082470967743,89.48398464,Expensive
325,Ford Country Squire (sw),15.5,8.0,351.0,142.0,4054.0,14.3,79,US,15.175082470967743,105.889381824,Expensive
326,Chevrolet Monte Carlo Landau,15.5,8.0,350.0,170.0,4165.0,11.4,77,US,15.175082470967743,126.76897824,Expensive
327,Dodge Monaco Brougham,15.5,8.0,318.0,145.0,4140.0,13.7,77,US,15.175082470967743,108.12648143999999,Expensive
328,Chrysler Cordoba,15.5,8.0,400.0,190.0,4325.0,12.2,77,US,15.175082470967743,141.68297568,Expensive
329,Chevrolet Nova,15.0,6.0,250.0,100.0,3336.0,17.0,74,US,15.680918553333333,74.5699872,Expensive
330,Plymouth Fury III,15.0,8.0,318.0,150.0,4135.0,13.5,72,US,15.680918553333333,111.85498079999999,Expensive
331,Mercury Monarch,15.0,6.0,250.0,72.0,3432.0,21.0,75,US,15.680918553333333,53.690390784,Expensive
332,Buick Skylark 320,15.0,8.0,350.0,165.0,3693.0,11.5,70,US,15.680918553333333,123.04047888,Expensive
333,AMC Ambassador DPL,15.0,8.0,390.0,190.0,3850.0,8.5,70,US,15.680918553333333,141.68297568,Expensive
334,AMC Matador (sw),15.0,8.0,304.0,150.0,3892.0,12.5,72,US,15.680918553333333,111.85498079999999,Expensive
335,Ford Maverick,15.0,6.0,250.0,72.0,3158.0,19.5,75,US,15.680918553333333,53.690390784,Expensive
336,Mercury Cougar Brougham,15.0,8.0,302.0,130.0,4295.0,14.9,77,US,15.680918553333333,96.94098336,Expensive
337,Ford Galaxie 500,15.0,8.0,429.0,198.0,4341.0,10.0,70,US,15.680918553333333,147.648574656,Expensive
338,Dodge Challenger SE,15.0,8.0,383.0,170.0,3563.0,10.0,70,US,15.680918553333333,126.76897824,Expensive
339,Chevrolet Bel Air,15.0,8.0,350.0,145.0,4440.0,14.0,75,US,15.680918553333333,108.12648143999999,Expensive
340,Dodge Coronet Custom,15.0,8.0,318.0,150.0,3777.0,12.5,73,US,15.680918553333333,111.85498079999999,Expensive
341,Chevrolet Monte Carlo,15.0,8.0,400.0,150.0,3761.0,9.5,70,US,15.680918553333333,111.85498079999999,Expensive
342,Chevrolet Monte Carlo S,15.0,8.0,350.0,145.0,4082.0,13.0,73,US,15.680918553333333,108.12648143999999,Expensive
343,AMC Matador,15.0,6.0,258.0,110.0,3730.0,19.0,75,US,15.680918553333333,82.02698592,Expensive
344,Dodge Dart Custom,15.0,8.0,318.0,150.0,3399.0,11.0,73,US,15.680918553333333,111.85498079999999,Expensive
345,Ford Gran Torino,14.5,8.0,351.0,152.0,4215.0,12.8,76,US,16.22163988275862,113.346380544,Expensive
346,Ford Galaxie 500,14.0,8.0,351.0,153.0,4154.0,13.5,71,US,16.800984164285715,114.092080416,Expensive
347,Plymouth Fury iii,14.0,8.0,318.0,150.0,4096.0,13.0,71,US,16.800984164285715,111.85498079999999,Expensive
348,Plymouth Fury Gran Sedan,14.0,8.0,318.0,150.0,4237.0,14.5,73,US,16.800984164285715,111.85498079999999,Expensive
349,Ford Gran Torino,14.0,8.0,302.0,137.0,4042.0,14.5,73,US,16.800984164285715,102.160882464,Expensive
350,AMC Matador,14.0,8.0,304.0,150.0,3672.0,11.5,73,US,16.800984164285715,111.85498079999999,Expensive
351,Dodge Coronet Custom (sw),14.0,8.0,318.0,150.0,4457.0,13.5,74,US,16.800984164285715,111.85498079999999,Expensive
352,Ford Gran Torino (sw),14.0,8.0,302.0,140.0,4638.0,16.0,74,US,16.800984164285715,104.39798207999999,Expensive
353,AMC Matador (sw),14.0,8.0,304.0,150.0,4257.0,15.5,74,US,16.800984164285715,111.85498079999999,Expensive
354,Buick Estate Wagon (sw),14.0,8.0,455.0,225.0,3086.0,10.0,70,US,16.800984164285715,167.7824712,Expensive
355,Chevrolet Impala,14.0,8.0,350.0,165.0,4209.0,12.0,71,US,16.800984164285715,123.04047888,Expensive
356,Pontiac Catalina Brougham,14.0,8.0,400.0,175.0,4464.0,11.5,71,US,16.800984164285715,130.4974776,Expensive
357,Pontiac Catalina,14.0,8.0,400.0,175.0,4385.0,12.0,72,US,16.800984164285715,130.4974776,Expensive
358,Ford LTD,14.0,8.0,351.0,148.0,4657.0,13.5,75,US,16.800984164285715,110.363581056,Expensive
359,Plymouth 'Cuda 340,14.0,8.0,340.0,160.0,3609.0,8.0,70,US,16.800984164285715,119.31197952,Expensive
360,Plymouth Satellite Custom (sw),14.0,8.0,318.0,150.0,4077.0,14.0,72,US,16.800984164285715,111.85498079999999,Expensive
361,Pontiac Catalina,14.0,8.0,455.0,225.0,4425.0,10.0,70,US,16.800984164285715,167.7824712,Expensive
362,Plymouth Fury iii,14.0,8.0,440.0,215.0,4312.0,8.5,70,US,16.800984164285715,160.32547248,Expensive
363,Chevrolet Impala,14.0,8.0,454.0,220.0,4354.0,9.0,70,US,16.800984164285715,164.05397184,Expensive
364,Ford Galaxie 500,14.0,8.0,351.0,153.0,4129.0,13.0,72,US,16.800984164285715,114.092080416,Expensive
365,Buick Century Luxus (sw),13.0,8.0,350.0,150.0,4699.0,14.5,74,US,18.09336756153846,111.85498079999999,Expensive
366,Ford Mustang II,13.0,8.0,302.0,129.0,3169.0,12.0,75,US,18.09336756153846,96.195283488,Expensive
367,Plymouth Volare Premier v8,13.0,8.0,318.0,150.0,3940.0,13.2,76,US,18.09336756153846,111.85498079999999,Expensive
368,Plymouth Custom Suburb,13.0,8.0,360.0,170.0,4654.0,13.0,73,US,18.09336756153846,126.76897824,Expensive
369,Dodge D100,13.0,8.0,318.0,150.0,3755.0,14.0,76,US,18.09336756153846,111.85498079999999,Expensive
370,AMC Ambassador Brougham,13.0,8.0,360.0,175.0,3821.0,11.0,73,US,18.09336756153846,130.4974776,Expensive
371,Chrysler New Yorker Brougham,13.0,8.0,440.0,215.0,4735.0,11.0,73,US,18.09336756153846,160.32547248,Expensive
372,Ford F108,13.0,8.0,302.0,130.0,3870.0,15.0,76,US,18.09336756153846,96.94098336,Expensive
373,Ford LTD,13.0,8.0,351.0,158.0,4363.0,13.0,73,US,18.09336756153846,117.820579776,Expensive
374,Chevrolet Impala,13.0,8.0,350.0,165.0,4274.0,12.0,72,US,18.09336756153846,123.04047888,Expensive
375,Chevrolet C10,13.0,8.0,350.0,145.0,4055.0,12.0,76,US,18.09336756153846,108.12648143999999,Expensive
376,Buick Century 350,13.0,8.0,350.0,175.0,4100.0,13.0,73,US,18.09336756153846,130.4974776,Expensive
377,Buick LeSabre Custom,13.0,8.0,350.0,155.0,4502.0,13.5,72,US,18.09336756153846,115.58348016,Expensive
378,Ford Gran Torino (sw),13.0,8.0,302.0,140.0,4294.0,16.0,72,US,18.09336756153846,104.39798207999999,Expensive
379,Chevrolet Chevelle Concours (sw),13.0,8.0,307.0,130.0,4098.0,14.0,72,US,18.09336756153846,96.94098336,Expensive
380,Chrysler Newport Royal,13.0,8.0,400.0,190.0,4422.0,12.5,72,US,18.09336756153846,141.68297568,Expensive
381,Ford Country Squire (sw),13.0,8.0,400.0,170.0,4746.0,12.0,71,US,18.09336756153846,126.76897824,Expensive
382,Pontiac Safari (sw),13.0,8.0,400.0,175.0,5140.0,12.0,71,US,18.09336756153846,130.4974776,Expensive
383,Chevrolet Malibu,13.0,8.0,350.0,145.0,3988.0,13.0,73,US,18.09336756153846,108.12648143999999,Expensive
384,Chevrolet Caprice Classic,13.0,8.0,400.0,150.0,4464.0,12.0,73,US,18.09336756153846,111.85498079999999,Expensive
385,Buick Electra 225 Custom,12.0,8.0,455.0,225.0,4951.0,11.0,73,US,19.601148191666667,167.7824712,Expensive
386,Oldsmobile Vista Cruiser,12.0,8.0,350.0,180.0,4499.0,12.5,73,US,19.601148191666667,134.22597696,Expensive
387,Ford Country,12.0,8.0,400.0,167.0,4906.0,12.5,73,US,19.601148191666667,124.531878624,Expensive
388,Dodge Monaco (sw),12.0,8.0,383.0,180.0,4955.0,11.5,71,US,19.601148191666667,134.22597696,Expensive
389,Oldsmobile Delta 88 Royale,12.0,8.0,350.0,160.0,4456.0,13.5,72,US,19.601148191666667,119.31197952,Expensive
390,Mercury Marquis Brougham,12.0,8.0,429.0,198.0,4952.0,11.5,73,US,19.601148191666667,147.648574656,Expensive
391,Oldsmobile Omega,11.0,8.0,350.0,180.0,3664.0,11.0,73,US,21.383070754545454,134.22597696,Expensive
392,Chevrolet Impala,11.0,8.0,400.0,150.0,4997.0,14.0,73,US,21.383070754545454,111.85498079999999,Expensive
393,Mercury Marquis,11.0,8.0,429.0,208.0,4633.0,11.0,72,US,21.383070754545454,155.105573376,Expensive
394,Dodge D200,11.0,8.0,318.0,210.0,4382.0,13.5,70,US,21.383070754545454,156.59697312,Expensive
395,Chevy C20,10.0,8.0,307.0,200.0,4376.0,15.0,70,US,23.52137783,149.1399744,Expensive
396,Ford F250,10.0,8.0,360.0,215.0,4615.0,14.0,70,US,23.52137783,160.32547248,Expensive
397,Hi 1200D,9.0,8.0,304.0,193.0,4732.0,18.5,70,US,26.134864255555556,143.920075296,Expensive
398,Citroen DS-21 Pallas,0.0,4.0,133.0,115.0,3090.0,17.5,70,Europe,inf,85.75548528,Expensive
399,Chevrolet Chevelle Concours (sw),0.0,8.0,350.0,165.0,4142.0,11.5,70,US,inf,123.04047888,Expensive
400,Ford Torino (sw),0.0,8.0,351.0,153.0,4034.0,11.0,70,US,inf,114.092080416,Expensive
401,Plymouth Satellite (sw),0.0,8.0,383.0,175.0,4166.0,10.5,70,US,inf,130.4974776,Expensive
402,Ford Mustang Boss 302,0.0,8.0,302.0,140.0,3353.0,8.0,70,US,inf,104.39798207999999,Expensive
403,Saab 900s,0.0,4.0,121.0,110.0,2800.0,15.4,81,Europe,inf,82.02698592,Expensive
404,Volkswagen Super Beetle 117,0.0,4.0,97.0,48.0,1978.0,20.0,71,Europe,inf,35.793593856,Expensive
405,AMC Rebel SST (sw),0.0,8.0,360.0,175.0,3850.0,11.0,70,US,inf,130.4974776,Expensive
